recommendationid,language,review,timestamp_created,timestamp_updated,voted_up,votes_up,votes_funny,weighted_vote_score,comment_count,steam_purchase,received_for_free,written_during_early_access,primarily_steam_deck,author_steamid,author_num_games_owned,author_num_reviews,author_playtime_forever,author_playtime_last_two_weeks,author_playtime_at_review,author_last_played,author_deck_playtime_at_review,appid,fetch_date,total_reviews
178293867,schinese,牛魔出生，更新完丢包率比你母爆掉的概率还高，一把下来起码丢包三四次，你们再不搞好优化，我就开小米su7把你们一个个创思，真的是BYD,1730615316,1730615690,True,487,255,0.956797659397125244,0,True,False,False,False,76561199545785825,40,5,15663,1495,13489,1732716394,,730,20241127_154107,100
172073501,schinese,17年遇见你，至今已经八九个年头。当初还在上大学，如今已经为了生活奔波，是你带给了我些许的快乐，当我写下这段评论的时候，我已经不在年轻了，落花若有怜我意，可否许我在少年。,1723589912,1723589912,True,417,35,0.948552787303924561,0,True,False,False,False,76561197974022279,0,1,10009,0,8658,1731150483,,730,20241127_154107,100
156099118,schinese,我很喜欢cs这款竞技性很强的fps游戏，但是我打游戏为的是缓解平时生活的压力，而不是为了得脑血栓少活几年，不管我的努力是否能提升我的游戏水平，我的枪法我的意识，如果对面真的更有天赋或者花费在玩cs的游戏时间更长，被对面打败我都是可以接受的，我愿意体验被更强的人击败的感觉，这让我知道我该如何提升自己。但就现在游戏环境而言，从几十到几百元的外挂在游戏中横行，有框的小透小锁虽然在这类游戏中一直是常见的，但是在cs2更新以来变得尤为的猖狂，平台有时还能封禁一些外挂，官匹更是群魔乱舞，每一把都有外挂，而他们根本没打算掩饰自己是开挂的，你质问他们开挂就只会得到菜就多练这种不明所以的话，更有甚者会嘲讽你没钱买挂，不买挂还来玩官匹？难道这是个给外挂开设的服务器么？凭什么低素质者的愚蠢行为要让广大的诚信玩家来买单呢，这游戏的受众从来也只有那一批人，老玩家被挂转习惯了也就罢了，反正点点举报你v社也不管，但这不代表老玩家不会寒心啊，你又是饰品交易又是箱子各种各样的营销方式赚的盆满钵满，却不在乎这个玩家主要团体的游戏体验，是MJpeek你们修复的很快，但是更严重的外挂问题呢？我只知道前几天处理了nl的无扩散封禁了一批玩家，人家挂比你优先账号还贵随便买个号继续转，高端挂不封低端挂也不管，一把被对面三个陀螺转了我提前退出游戏还要冷却我，自雷自火还是要冷却我，对面开挂的既让我损失了游戏体验还得让我冷却，所有的后果都是没开挂的人承担，要不然就是队友和对面对转，那这把游戏还是跟我没啥关系，几十块的外挂是没有nl和aw厉害，但是普通人还是很难打得过，更何况凭什么对面比自己多花了几十块钱就可以超越自己大量时间来磨练的技术，很多人甚至连路都走不明白，准星瞄地就是杀人，枪枪爆头，你让你的游戏玩家怎么想？又不是村里才通网，就算最开始不屑于开挂，但很多人的意志力是没有那么坚定的，上网一查各种价格的各种外挂，自己爽两把也没人管，再花点钱买个黑号，封了也和自己没关系，理所当然就加入了作弊的一员，后来发现几十块钱的外挂没有陀螺厉害，陀螺也不封禁，那就只会买参数越来越高的外挂，以自己用的挂更厉害，能一次惩罚对面所有人为乐，甚至希望对面有外挂来让自己惩罚他们，彰显自己行为的正义性，但这并不正义甚至十分的可笑，难道用错误的行径制裁别人能为自己的罪行开脱么？开挂的人本就该一视同仁，更何况很多人没有外挂，有外挂的毕竟还是少数人，你无情的惩罚了他们，只会让他们失去对这个优秀游戏的热爱，甚至黑化变得和开挂的自己一样。如果你根本不在乎这款游戏的存亡那就当我什么都没说，你不在乎自己这样愚蠢的快乐无情的建立在别人的痛苦之上，丧失了人性的人是无懈可击的，没法用一般的道德去束缚他们。如果外挂泛滥的情况持续下去，就只会恶性循环，让更多的人受苦受难，更多的人加入开挂的行列，开挂的低成本和恶劣游戏环境的诱导是现在外挂泛滥的两大原因。一个新的玩家上手这个游戏能匹配到旗鼓相当的对手已经非常困难了，绝大多数人的技术都是被炸鱼锤炼的，上千小时打你几百小时就是随便欺负你，但是这是理所当然的事情，别人付出了更多的努力理应获得更多的回报，他炸鱼虽然也不是什么正确的行为，但也总比每一把都匹配到外挂强，你和对方都付出了同等的努力，但他却因为多花了一些钱可以作弊，直接碾压了你，你会作何感想呢，是继续锻炼自己让自己能打过外挂还是自己也走个捷径欺负别人呢？反正都没人管，人性的丑陋自然而然就会暴露啊。既然你游戏环境同时影响新老玩家的游戏体验，那最后只会臭名昭著渐渐衰落啊，所有人提到cs2都会想到这是一个不公平的fps射击游戏，因为每把游戏都有外挂。而究其原因只是v社自己不作为而已，我不管v社你自己说自己封了多少外挂，升级了多少次反作弊，但我每把都依旧能匹配到外挂，我在csgo时期就买了优先账户，但我匹配的外挂数量并没有因此减少，优先排位里面外挂更是大打出手，为了几个破分争个参数高低，打个箱子也有没事来开挂玩的，该被转照样被转，拜托，我已经付钱给你了v社，难道我只是为了那几个几块的箱子或者天梯的分数么？我只希望我的游戏环境能纯净一些，匹配到和我一样努力且热爱这个游戏的人仅此而已，一百块的优先让我感觉不到任何意义除了我不用害怕每把都被对面转，无级匹配差不多就是外挂试参数的地方，从开局人满的倒计时把你转到这把结束，多匹配几把永远都是这些“老朋友”，无级不管也就算了，至少在意一下付费玩家的游戏体验吧。说了这么多我其实还是热爱cs的，本来它优秀的游戏性和平衡性是它常年经久不衰的最大原因，我卸载过许多次cs，但是我最后还是下载了回来，但当我开上一把发现和之前没有任何变化我是非常失望的，游戏依旧会莫名其妙丢帧，很低的延迟但总会丢包，其他什么游戏都没问题，玩国服挂不挂加速器也都是这样，每次更新说优化了玩起来还是很奇怪，外挂的依旧充斥在每一把对局里，几小时游戏时长的黑号各种各样的爆头穿烟穿墙，每把游戏开始之前都差不多能知道谁是外挂，队友是外挂对面也是外挂，干脆这游戏别让没外挂的人进游戏算了，进去也没游戏体验，甚至被外挂嘲讽。这就是cs2，游戏的优化很差，一有水就变卡，丢包也没法解决，遍地是外挂，开多少把遇见多少把，锁头开框陀螺没人管，饰品挂一开就封，真动你利益你是真管啊，我很难不认为这是个半成品的游戏。但说到最后我还是希望cs2变好的，我很希望大家能在一起公平的进行一场酣畅淋漓的竞技，不断磨练自己的技术成为最强的自己，永远也不要有外挂和炸鱼的出现。但是任重而道远啊，希望v社能幡然醒悟，早日加强反作弊的力度优化自己的游戏吧。,1705414913,1705414913,False,1011,69,0.941426336765289307,16,True,False,False,False,76561198408627367,42,1,108424,1486,86732,1732632193,,730,20241127_154107,100
170828814,turkish,Öncelikle emeği geçenlerin hepsinin amını dingilini sikiyim peş peşe 3 maç girdim 3 maçta da sadece hileler oynadı. Nerde BAN sistemi ? Nerde Yönetim ? Yalandan bi report paneli koymuşsunuz yıllardır ne sike yarıyo siz bile bilmiyosunuz ? Oyunu yenilemek yerine hilenin önüne nasıl geçeriz diye çalışsaydınız daha mantıklı olurdu. Şimdi ilk ve son kez söylüyorum YARRAMI YE VALVE YARRAMI YEEEE !!!!!!!!!,1722023847,1722023847,False,263,53,0.937950193881988525,14,False,False,False,False,76561198887843084,20,1,118643,0,117129,1729811838,,730,20241127_154107,100
176252358,english,"A year has passed. Armory update is a cash grab with no real gameplay value. VAC nowhere to be found, no new maps, the CSGO community has been wiped off the face of the earth. Disgusting company",1727914498,1727914498,False,1075,30,0.929479479789733887,0,True,False,False,False,76561198444372929,189,6,99657,1954,95974,1732696542,,730,20241127_154107,100
172440169,english,"terrible anti cheat people are getting false bans for high sensitivity/amd drivers/console commands while real cheaters are not getting banned
- no new content for months
- no new operation (it's been 3+ years)
- tons of competitive/wingman/hostage maps missing from csgo
- deleted achievements from csgo with 1 pointless one just make new ones
- no danger zone
- no team deatmatch
- sub tick is garbage all we wanted was 128tick servers
- spaghetti net code
- no short mm
- no flying scoutsman
- replays are bugged
- no overwatch
- performance issues
- peekers advantage
- bad ranking system
- no economy changes despite MR12
- movement and shooting is worse compared to csgo

All of this while they make hundreds of millions of dollars from cases/keys and yet are unable to make any fun new content unbelievable, and yet they waste their time with boring hero shooter deadlock that they will abandon within the first few months after the release just like they did to TF2, LFD2, Dota Underlords, CS2 VALVE needs to wake up and start caring for their games",1724050740,1724305603,False,688,25,0.92507016658782959,0,False,False,False,False,76561198893790695,0,1,2862,0,2862,1715537143,941.0,730,20241127_154107,100
161115395,brazilian,"Este jogo já foi incrível, reservei parte da minha infância jogando o 1.6 e source. Na adolescência e início da fase adulta pude jogar CS:GO, um jogo que já teve seus defeitos e problemas mas que me trouxe muitos amigos e boas horas de jogatina. Infelizmente, agora no CS2 eu vejo um jogo repleto de cheaters, com uma comunidade racista e que profere ofensas de baixo calão em basicamente todas as partidas, uma empresa extremamente mercenária, sendo todos os recursos novos na loja, mas que não se preocupa em melhorar e ativar um anti-cheater decente e punir os indivíduos criminosos (LEI Nº 14.532).

Depois de jogar duas partidas com cheaters, sendo uma delas com um indivíduo girando e matando 5 de awp com rapidfire em 1 segundo enquanto me chamava de macaco, vim aqui deixar meu voto de insatisfação.",1711078004,1711078502,False,246,16,0.924341917037963867,18,False,False,False,False,76561198111709627,70,8,249694,223,234961,1732070726,,730,20241127_154107,100
175835233,english,"EDIT: as of today 3.10.24 cs devs decided to release the most shamefull update and instead of operation (that a lot of people have been waiting for) they released a 16$ pass with no coin, no mission, no new maps, no new game modes what a joke, last operation Riptide cost 15$ and you could get 100 stars from it + coin and missions, now they wanna charge 16$ for only 40 stars ridiculous, ubisoft and ea should learn from valve how to rip the of their playerbase. Yet we are somehow STILL IN SEASON 1 OF PREMIER!!! Halooooo it's been a year.

Let’s be real: CS2 is an absolute disaster. If you think otherwise, you need to dive back into legacy CSGO to understand how a real game feels. 
The fundamentals of CS2 are laughably worse; CSGO runs smoother, feels better, and offers movement that isn’t a clunky mess. You don’t have to take my word for it - most pro players have openly admitted that CSGO is superior in virtually every aspect except for graphics. The optimization in CSGO is the result of years of meticulous polishing, while CS2 feels like a half-baked joke that can’t afford to take its time. If it doesn’t improve at lightning speed, it’s destined to wither away and die.

People are rapidly losing faith in this entire project. It’s a sinking ship, and Valve seems completely oblivious to the chaos around them. Meanwhile, out-of-touch investors continue to throw money at Valve, clinging to the belief that the company will deliver the ""next big thing"" - whether it’s an operation, a major update, or something else entirely. This speculation might eventually bear fruit, but for now, it’s the only thing driving the recent spike in skin prices - not any real improvements in gameplay or the anti-cheat system. And don’t even get me started on the absurd slogan “what you see is what you get.” It’s a total farce, especially with the whole subtick system mess. The gameplay constantly feels like it’s off by a few milliseconds, making it frustrating and inconsistent. Valve seems more interested in chasing shiny new distractions like Deadlock, which will never match the success of either CSGO or CS2. Player numbers for that game are already dropping, and let’s be honest - the initial surge was just the excitement of a new Valve release. The gameplay is dull, the graphics are mediocre at best, and frankly, it’s just boring.

Valve completely dropped the ball with CS2. They should have delayed this train wreck by a couple of years. Imagine if they had launched this version as a beta today instead of pretending it’s a finished product; it wouldn’t be nearly as disappointing. And for the love of God, the anti-cheat system is an absolute nightmare. It’s so poorly implemented that it raises serious doubts about whether Valve even cares about fairness in the game. If they don’t wake up and address these glaring issues, they risk losing the dedicated player base that has stuck around through thick and thin. It’s infuriating to watch my beloved franchise decay and wither away due to Valve’s incompetence and laziness. They rake in billions upon billions and can’t afford to expand the development team working on CS2?",1727383191,1727949673,False,767,18,0.922594070434570313,39,False,False,False,False,76561198969190268,0,2,8556,0,8556,1724785404,3538.0,730,20241127_154107,100
177600889,russian,"Отличная игра! Ваши сокомандники расскажут где и как они проводили время с вашей мамой, сестрой и троюродным дедушкой по линии собаки Вашей тёти! Также Вы узнаете многое о Вашем уровне развития, но это не беда, ведь здесь Вас окружают люди с IQ которое давным-давно уже ушло в минус. Вас убьют за AWP, калаш или любое оружие лучше ножа, всем советую",1729709632,1729709811,True,288,111,0.920378684997558594,0,True,False,False,False,76561199482837827,0,1,50436,355,48348,1732266449,,730,20241127_154107,100
176261663,schinese,你那微软输入法什么时候可以修复一下，游戏是越更新越卡，v社你在跟新你老木尼，优化是一点不做。实质性的东西不做，cs2上线一年了就跟新了4个地图，这次出的通行证一点诚意都没有，就出了圈钱的东西，smwy 。,1727928583,1727928583,False,207,17,0.920219480991363525,0,True,False,False,False,76561198419554381,30,2,125256,1391,120420,1732557495,,730,20241127_154107,100
174798533,schinese,爆头全是靠抖，地图基本瞎走，报点全都靠吼，脑子基本没有,1726150155,1726150155,True,485,253,0.919230401515960693,0,False,False,False,False,76561198310713514,0,1,2130,15,1873,1731660006,,730,20241127_154107,100
154315569,english,"Game has been completely ruined and it has nothing to do with the bugs etc, tbh it looks and plays great it is a decent successor to cs-go once you iron out the kinks.. However, the cheaters... premier matchmaking... faceit... 

You decided to break all of it, the entire game. Vac live is non existent people can kill you from spawn, through walls, whilst bhopping... cheaters can do things they couldn't do in CSGO..... Fine at least we could play faceit on the 128 tick servers you once assured us we would get. Oh look nope, you hardcode subtick.. even though 128 was proven to be working better. Oh well lets go play csgo oh no we cant do that either... 

Then there is the false bans (I was one of them, the one you caused with your own update. It was promptly removed and i am grateful but no compensation, not a word to the community just silence... 

Ok well lets set that all aside and move on... oh we can't because then there is the exploits, I have never in my life wondered if was safe to play a game... 

You are forcing your player base to play an unpolished game against cheaters, without any active client sided anticheat, serverside plugins, fog of war. You don't punish people for boosting with cheaters or even cheating them selves, you allow them to flex and brag publicly on your leader boards. There are more cheaters than pros now...

and this was supposed to be game that levels the playing field, we would all get a fair chance to compete. Counter Strike is for everyone... Counter Strike is dying and you guys shot it. 

I love counter strike, it was the first game I played at my uncles internet cafe as a little kid, I lost entire summers to this. You guys as a Dev team and company have lost respect for your player base and your own game. You throw us in the bin and at the same time you flex an incoming ''major''. 

You might need to climb off your high horses, play your own game with us, talk to the community a little. Actually respond to feedback. Counter Strike has one of the most dedicated communities and I am sure if you paid even a fraction of it back to us that investment would pay off ten fold for you guys.",1703443373,1703443373,False,1546,49,0.915771424770355225,90,True,False,False,False,76561199018668818,307,25,147600,2686,116268,1732566608,,730,20241127_154107,100
168030913,brazilian,"Hoje faz um ano que perdi meu pai. As palavras para dizer da falta que ele nos faz ainda não foram inventadas. Mas ele vive em nós. E eu o reconheço nos meus gestos e gostos. Meu pai me fez amar o Counter-Strike, foi meu duo, meu parceiro e melhor amigo. 
Cada dia que venho jogar eu entro já lembrando das melhores partidas que demos boas risadas juntos. 
Acho que a melhor homenagem que se pode fazer a alguém que partiu é lembrar que essa pessoa viveu. Então, lembro aqui do nosso game e passatempo favorito. 
Obrigado por jogar comigo!! Te amo, pai.... ❤️",1719168395,1722119819,True,291,5,0.958181023597717285,8,False,False,False,False,76561198974162886,62,1,17342,177,14782,1732408559,,730,20241127_154107,100
160327054,schinese,"为什么热爱cs？就相当于为什么你们天天玩cs玩不腻？天天就是那10个人，打过来打过去，有什么意思？那问题就回来了，为什么cs好玩？很简单，因为每一次击杀，每一次战术，每一次残局，每一次胜利。如果有人问我cs的美学是什么？更简单！当你扛着大心脏打下每一个绝妙而又令人不敢相信的残局处理，当你和队友每一次完美而又像艺术般的道具配合，当你每一个大胆而又高智商的战术制订，当你每一次精彩而又无懈可击的极限击杀。这就是cs的美学，这就是cs。他不仅仅是一款游戏，更是我们为冠军，胜利，荣耀冲击的心！我们的喜怒哀乐，每一次失败懊悔不已，为什么这个残局我没有拿下。每一次胜利的激动喜悦，卧槽牛逼，这枪够狠。每一次刷屏的吹逼大会，对面这阵容，真的，用脚打都是欺负他们了。都在这里面，点点滴滴都记录着在。当我们以后某一天再次打开游戏，曾经一起上分的队友早已不在，曾经打得对面一脸懵逼的战术早已失效，但是那个时候，我们回到了那个连少年都不算的年纪，对队友说句，也对自己说句:那个少年，他 回来了！我不是热爱cs，我只是热爱这段时光。
",1710162991,1710162991,True,210,16,0.908068656921386719,6,False,False,False,False,76561199133110231,69,2,56975,0,45168,1729695067,,730,20241127_154107,100
175678883,russian,"Отличная игра! Ваши сокомандники расскажут где и как они проводили время с вашей мамой, сестрой и троюродным дедушкой по линии собаки Вашей тёти! Также Вы узнаете многое о Вашем уровне развития, но это не беда, ведь здесь Вас окружают люди с IQ которое давным-давно уже ушло в минус. Вас убьют за AWP, калаш или любое оружие лучше ножа, всем советую",1727184248,1727184248,True,225,87,0.907741248607635498,0,True,False,False,False,76561199781929907,1,1,25281,251,2353,1732494525,,730,20241127_154107,100
168979950,russian,"Играю в CS наверное с 2017 года. Всё было отлично, брал за щеку каждую катку, мои два отца приходя с завода - сразу же морально меня опускали, вообщем не жизнь а сказка. Могу даже похвалиться, что заработал 100% достижений. Но всему настал конец, когда вышла CS 2. Если раньше брать приходилось только в рот, то настало время брать и всем остальным. Подбор тиммейтов и противников ужасный, попадаются либо сильверы, либо глобалы, либо читеры (у которых нету мамочки:), вообщем никакой балансировки; поменяли стрельбу, стала неимоверно корявой, не привык к ней до сих пор; бесконечные лаги, фризы, просадка FPS, в последнее время пинг улетает до 1.5к, бывает что игра зависает и приходиться перезапускать ПК (с учётом того, что железо и инет у меня не слабые). Выпустили полностью сырой, неиграбельный продукт в котором мы должны не играть, а быть тестировщиками. Вместо того, чтобы полировать игру, разрабы дропают новый кейс и т.п. Никакого уважения к игрокам! И одно из самых обидных - ПОЛНОСТЬЮ СТЁРЛИ ВСЕ ДОСТИЖЕНИЯ CS:GO!!!
Надеюсь что вы со мной солидарны.
Всем удачи и добра!",1720106125,1720106125,False,317,21,0.907250344753265381,10,False,False,False,False,76561198957361954,56,2,79038,246,72472,1732540352,,730,20241127_154107,100
172190297,russian,"отличная игра, была, в кс го за скинчеджер банили на след. день, а тут можно гонять на твинке вечность с ним, вкратце античита нету, банят самостоятельно, в репортах смысла нету, даже иногда забываю кидать зная, что это бесполезно

и еще, объясните мне, на кой хер создали бан за кик? такая ситуация, просит чел меня кикнуть типо идти ему надо, я кикаю, или читер попадается, кикаем, но если играть много, и в день кикать так 4-5 человек, то не за горами бан за кик, сначала 30 мин по дефу, потом 2 часа также, день, а потом неделя, неделя помоему максимум, так вот я могу просто читеров кикать и меня будут за это банить, отлично Valve",1723745134,1723745330,True,237,22,0.905016958713531494,38,False,False,False,False,76561199517824012,4,2,25029,706,19799,1732633126,,730,20241127_154107,100
159956189,russian,"Вальве забили на античит, читеров НЕ БАНЯТ ВООБЩЕ, репортили ОЧЕВИДНЕЙШЕГО читера, попросили друзей его зарепортить, написали на почту вальве, прошло 2 недели, он как играл, так и играет. ЕСЛИ НЕ МОЖЕТЕ ВВЕСТИ АНТИЧИТ, ВЕРНИТЕ ХОТЯ БЫ ПАТРУЛЬ, Я ИХ САМ БАНИТЬ БУДУ. 
Как играть в эту парашу ?? Даже в варфейсе банят читеров ....",1709715529,1709715529,False,1008,38,0.953278958797454834,62,False,False,False,False,76561198124592613,0,1,37772,304,31859,1732549414,,730,20241127_154107,100
161166445,russian,"Aхуeнная пошаговая стратегия, кайфовая гифка, в отсутствии оптимизации хвалить больше просто нечего.Система VAC настолько преисполнилась с добавлением VAC-Live, что просто ливнула нaxyй из этой игры. Патруль? Зачем он, правильно, лучше брелки ccaные добавить. Запилить трейн, кэш, коблстоун? Да тоже в пuздy, как и тускан, который со времен ксс так и не дождались в ММ. Добавим премьер режим, чтоб как на фасике, ну и систему рангов оставим, так и быть, но убьем ее к eбeням, чтоб любая калибровка закончилась одной звездой, из которой выбраться тяжелее, чем матери из гроба, которую переворачивают каждую eбyчyю катку. Самую малость о стрельбе, так мало регистрации нет нигде, как в этой цыганской игре. Вот кейс новый зaeбиcь, прям правда хороший. От остального хочется рыгать во все карманы разработчиков. Друзей тоже потерял, потому что все как один щучкой в окно прыгнули, лишь бы не сидеть в этом терпильном уголочке.
Спросите почему сам играю? Потому что терять нечего, скоро выезжать в дурку.

 Рекомендую к игре через пару лет, когда CS2 выйдет из бета-теста, а пока проще удалить эту раковую опухоль.

https://steamcommunity.com/tradeoffer/new/?partner=864315415&token=ZKt0-fpR",1711122709,1712776567,False,239,25,0.901985824108123779,14,False,False,False,False,76561198824581143,0,1,117237,107,104668,1732118236,,730,20241127_154107,100
157774325,russian,Хорошая игра. Играю в нее вместо работы. Каждую неделю в среду зарплата.,1707306224,1707306287,True,685,198,0.901166796684265137,0,True,False,False,False,76561199498155247,8,1,25561,0,22397,1718820004,,730,20241127_154107,100
161315463,english,"Very long time player here and so far all I can say is Valve is majorly dropping the ball. If any other AAA or large company had a game with this many flaws and major problems they would be getting lambasted on every gaming outlet and forum across the internet. Valves DM servers are almost entirely controlled by botted accounts meant to farm cases/farm hours to be sold. The server browser forces you to tab out and use a browser that looks about 12 years out of date. Oh did I mention the browser is dominated by faked player servers almost all of which are based in Russia and show up no matter what your search parameters are set to? Comp splits your rank to every single map and moves up at a snails pace. Most maps that I have nearly 100% winrate on with 30+ games played on that map and I'm barely above halfway in the rank tier. The new ranked mode (Premier) is infested and owned by cheaters entirely at this point. Starting at 15,000 rating you start encountering brand new accounts who don't even try and hide cheats. 25,000+ is 5v5 Hack v Hack. These cheater matches dont even involve kills that aren't wallbangs. Valves own servers are owned entirely by cheaters at this point. Anyone legit looking to play even at a casual level and up to any tier of competitive is forced to play Faceit a third party service with an actual functioning anti-cheat.

Not only is CS2 a failure so far but they didn't even have the decency to keep up support for valve CSGO servers. Shameful. Game needs a massive turn around if I'm ever gonna take it seriously. Just another massive failure and disappointment in an already disappointing field of entertainment.

What an embarassment.

REVIEW UPDATE
The last vac wave seems to have cleaned up the rankings a bit and it seems to be sticking around at least for now. I've managed to achieve 27k rating in NA. That being said there is still an infrequent amount of pretty obvious closet cheaters and the occasional rage cheater. Rank #1 world player is still cheating (he has been since the beta) for example.

Game still has ongoing issues that haven't been addressed or at least still not fully fixed as we approach the year anniversary. Headboosting is still buggy. Rubberbanding when bumping teammates still presents itself. The mini ""teleport jumps"" as you tag/get tagged by enemies is still very jarring. Smoke/molly extinguishing can still be a crapshoot at times. Moving up and down ramps still moves your crosshair vertically in a very jarring and unecessary way. Plenty of various animation bugs with player models especially in relation to ramp movements. These are just some of the things I can mention off of the top of my head. There is still a kill feedback delay that wasn't present in CSGO that makes the game feel slower or just clunky and unpolished.

Besides the gameplay problems we still dont have retakes, danger zone, flying scoutsman, etc etc. The server browser is still a piece of crap that takes you out of the game and it is STILL infested with faked servers. WTF valve how can you not fix this.

Oh yeah and the greatest tragedy of all. Surf is still broken and dead in the water for CS2

But don't worry at the end of the day the in game microtransaction and gambling features will always be working no matter what.",1711249955,1725137715,False,1291,30,0.951082408428192139,73,False,False,False,False,76561197980112580,182,2,596907,1186,588418,1732685375,,730,20241127_154107,100
176962191,english,"This game will end friendships, break desks, and leave you feeling frustrated, tilted, swearing and sweating whilst you delete it only to reinstall an hour later. 
Game 10/10
Valves input since release 2/10",1728817947,1728817947,True,234,55,0.89619213342666626,0,True,False,False,False,76561198066159406,0,1,301634,5683,288012,1732656912,,730,20241127_154107,100
167764829,russian,"Игра хорошая, только выгоняют с матча часто. Просто я плохо играю. Обзор написала, пойду чаю выпью",1718894861,1718894861,True,457,129,0.895495057106018066,0,False,False,False,False,76561199016738540,103,2,162710,897,152537,1732651775,,730,20241127_154107,100
175451240,english,"The suffering I’ve endured from playing Counter-Strike is a complex blend of mental, emotional, and even physical pain. It begins with the countless hours spent grinding in competitive matches, where every loss feels like a personal failure, a reflection of my inadequacies. I’ve experienced the gut-wrenching agony of getting matched with teammates who seem to have no regard for teamwork or strategy, leaving me to carry the game on my own shoulders. The weight of that responsibility crushes my spirit, especially when I still lose despite my best efforts. Every missed shot feels like a betrayal of my own hands, a reminder that no matter how many hours I pour into improving my aim or game sense, there are still moments where I am utterly powerless. The suffocating tension of a 1v1 clutch situation is something I’ve felt in my bones, the pressure building as the seconds tick away, my palms sweating, heart racing, only to die to some sniper crouching in a corner, completely erasing any hope of victory.

The toxicity of the community adds another layer to the pain. It’s not just the personal failures; it’s the verbal abuse that follows. No matter how well I play, there’s always that one teammate who’s quick to hurl insults, to tear down whatever little confidence I’ve built. The constant barrage of blame, the accusations that I’m throwing the game or that I’m a noob, gnaws away at my self-esteem. Every match feels like a battlefield, not just against the enemy team but against my own squad, fighting to maintain my mental stability while being bombarded by insults, racial slurs, and unnecessary aggression. Then there’s the pain of seeing a perfectly executed strategy fall apart due to one small mistake, whether it's a missed flashbang or an ill-timed push. The frustration builds with every game, the crushing realization that even though I’ve spent hundreds, maybe thousands, of hours in the game, I’m still not where I want to be skill-wise.

Physically, the game has taken its toll as well. My back and wrists ache from sitting in the same position for hours, hunched over, eyes glued to the screen, fingers moving in a precise, rapid-fire rhythm. The late nights have robbed me of sleep, leaving me exhausted, but I can’t stop playing because I’m chasing that one good game, that fleeting moment of victory that keeps me coming back, even though deep down I know that satisfaction will never outweigh the frustration. Counter-Strike has become a cycle of suffering, where each win is quickly overshadowed by a string of losses, and every moment of joy is drowned out by the ever-present, gnawing feeling of defeat.

10/10",1726922412,1726922412,True,226,90,0.892872810363769531,12,False,False,False,False,76561198292480887,31,2,38687,0,37050,1727686193,,730,20241127_154107,100
153267370,german,"Durch CS:GO habe ich...
-eine Glücksspielsucht entwickelt
-fließend Russisch und Türkisch gelernt
-meine Haare verloren
-meine sozialen Kompetenzen verlernt
-das Verlangen alles zu beenden
11/10 würde nochmal Prime kaufen",1702181620,1702181620,True,103,38,0.889937996864318848,0,False,False,False,False,76561199556964922,0,2,9369,503,2699,1732234065,,730,20241127_154107,100
178794024,english,"CounterStrike: Where the only thing more reliable than your terrible aim is the endless cheaters spinning around like they’re auditioning for Dancing with the Stars. You’ll learn real fast that the only thing more accurate than your gunshots are the cheaters aimbots, which somehow always seem to have perfect aim. But hey, at least you’ll get to experience the sweet, sweet thrill of a game where everything looks fine until you die in 0.1 seconds to someone who’s clearly not from this dimension. But don’t worry, Valve’s totally on it. I’m sure they’re working hard on that anti cheat system. Any day now. In the meantime, enjoy getting headshot by a guy who’s both floating and twerking through the map.
10/10 would totaly throw my keyboard across the room again.",1731281003,1731281003,True,226,98,0.888875961303710938,27,True,False,False,False,76561199214753638,104,28,67266,0,67266,1727308821,,730,20241127_154107,100
176637258,english,"Counter Strike was once a great game, still good, but too bad its full of cheaters and scammers.

Anti cheat system is a joke. This game would be amazing, if it was free of cheaters and scammers.",1728403017,1728403017,True,342,11,0.888458430767059326,0,True,False,False,False,76561197960381714,9,1,2967,0,500,1729353357,,730,20241127_154107,100
162462588,russian,"Очень многогранная игра. Инновационный гейплей, безграничные возможности: ты можешь стать участником битвы экстрасенсов, видя других через стены. Тебе хотелось почувствовать себя в роли боевого вертолета? Здесь ты можешь себе это позволить - подрубай и взлетай. Бывает, в команде противника появляется такой же гений с крутилкой, и вот ты уже играешь в многопользовательский онлайн экшн вар тан... 
В общем, спасибо, вольво, за эту шедевроигру коричневого цвета двадцатого века. 
Настоящие мастера своего дела!
100 вак банов вам в ж0пy",1712554716,1712554716,False,214,43,0.886696457862854004,0,False,False,False,False,76561199090743838,54,4,19336,425,14389,1732138615,,730,20241127_154107,100
161723535,german,"Ich bin seit der ersten Minute von Counter-Strike aktiv Spieler, aber das was zurzeit mit diesem Spiel abgeht ist echt mieserabel und Valve bekommt es einfach nicht hin dass es wieder spielbar ist. Cs 1.6, CsS, CsGO alle Teile waren um Welten besser. Die Hitboxen sind unter aller Sau, das so hoch gelobte Subtick System ist noch schlechter als die guten alten 64 Tick Server. Wenn man sich dann doch mal zwingt 1-2 Runden zu spielen bekommt man nur noch vor die Fresse, weil man entweder gegen Smurfs spielt, die bei sich im Ranking nichts gebacken bekommen oder man spielt gegen Hacker, macht echt keine Laune mehr.
Fazit: zur Zeit echt nicht spielbar, es sei denn man hat eine gute Aggressionsbewältigung",1711717107,1711717107,False,146,5,0.881191134452819824,0,False,False,False,False,76561197985461244,0,1,84226,671,76724,1732651859,,730,20241127_154107,100
169140902,english,Overrun by cheaters. Performance gets worse with each update. Netcode is questionable at best. Still lacks content we had in CS:GO.,1720268762,1720268762,False,221,4,0.879712164402008057,11,False,False,False,False,76561199033179993,10,2,38406,238,36479,1732663756,,730,20241127_154107,100
178353016,schinese,"前几天拿到了五年老兵勋章，但是实际上好好开始玩这个游戏大概是从2022年下半年开始的 一开始只敢打训练营 还没学会实战就开始玩练枪图 没什么fps底子 从小到大生死狙击cf逆战ow都玩过 玩的都挺菜的。 没人带着玩 一开始不懂事直接打的竞技 没打几把就被骂了 地图不认得 走路也走不明白 甚至下包键都找不到 胆子小 被骂了之后更不敢打了 在正式开始游戏生涯前我至少在练枪图里单机度过了我的200个小时 也没认识一个朋友 说无聊但也不至于 就是机械的重复一个动作让人感觉挺安心的。 之后开始自己打竞技了 打的也很菜 但之前的流水线打bot对我的竞技之旅有0个帮助 虽然打了很久 但是漫无目的地开枪并没有让我学会什么 急停 定位 一团糟。
后来认识了一群一起玩的朋友 一开始打cs很纯粹 玩的很菜也很开心 打出了唐氏一样的完美时刻也保存下来发抖音 很爱看比赛 用为数不多的游戏理解和大家一起在群里讨论 大家线上还是嘻嘻哈哈一起打游戏 
也是这个时候我迎来了我cs生涯的巨大落差 朋友们都在或缓慢或快速的变强 但我似乎一直止步不前 我开始找视频 学习道具 每天练枪 但似乎是天赋在开玩笑 我发现我的努力好像没有什么用 就连c+的普通对局我也基本上把把红rating 真的很挫败 对cs热情的时候两周能玩90个小时 虽然和一些人对比起来也不是很久 但基本是我能拿出的全部空余时间了
最近我越发发觉好像自己没什么天赋 失去自信之后操作更是变形严重 打游戏的时候觉得脑子空荡荡的 说实话cs就是像我的生活一样感觉没什么希望了 努力我也努力过了 我开始思考我玩游戏的意义 cs已经融进我的生活了 身边的朋友也都是玩这个认识的 我在现实里的朋友不算多 而且即将实习、毕业 面临各奔东西 我突然感觉很孤独 如果不玩cs了，我还有能说上话的朋友吗？
感觉写了点很没营养的东西 总之生活我会继续过下去，cs我也会继续打下去 cs真是一款很好的游戏呀 各种方面的！
——来自小黑盒用户Azhen228的评价",1730678369,1730678369,True,90,12,0.877587795257568359,6,False,False,False,False,76561198855224456,121,5,66792,211,65569,1732616421,,730,20241127_154107,100
153048451,schinese,以前呢看视频学习各点位的道具使用，定位，如何peek，自从CS2出来后，看视频各种学习如何调机器，调视频画质，调显卡设置，更新显卡驱动，学习如何让CS2不在卡屏，不在掉游戏。,1701960360,1701960360,True,107,20,0.876989543437957764,0,False,False,False,False,76561198417800036,15,1,28775,616,14605,1732703826,,730,20241127_154107,100
171272556,schinese,CS作为我第一次玩的启蒙fps游戏，第一次游玩的时候也和大多数萌新一样，只敢打打人机和休闲，根本不敢打竞技，怕坑了队友，那时候是我初中的时候玩的了，我记得我刚开始打的时候也是什么也不懂，打的也很菜，但是那个时候的氛围真的很好，即使我打的很菜，也会有人告诉我说先从休闲和官匹打起，再到后来自己去找那些所谓的组队群到处流浪，希望有个人能带带我，也确实找到了几个哥们一起打游戏，每天放学了就来一把，无论打的多么的菜，也不会有人压力，也不会有人不开心，感觉每一个人都是真正的热爱这一款游戏，现在回想那段时间是真的是无法用文字来表达的开心，现在和那几个朋友也没有联系了，只有我一个人一直在单排，有人说，现在的cs环境很差，什么ez，收徒，我觉得并无所谓，人数基量大了自然就会产生这一种问题，而我喜欢在队伍里面互相交流的感觉，喜欢打残局血脉飙升的感觉，更享受打出高光队友为我喊出的鼓励，我想我是真正热爱这一款游戏，所以无论你是什么年龄段，我都会相信你会喜欢上cs的,1722582231,1722582231,True,106,9,0.876733720302581787,0,False,True,False,False,76561199014475889,11,1,70956,584,63721,1732351413,,730,20241127_154107,100
170899925,english,"CSGO : expensive pixels, infested with cheaters and toxic players
CS2 : more variation of expensive pixels, infested with more cheaters and toxic players

but if you put your time and effort into it there's a chance you will learn either russian or chinese as a bonus

10/10",1722102003,1722102003,True,191,99,0.876475870609283447,0,True,False,False,False,76561198196456014,73,5,94891,1701,77475,1732718172,,730,20241127_154107,100
170860905,english,"CS2 update list after CSGO :

+Allowed Spinners in every gamemode
-Removed Battelpass
-Turned my fps from 400 to 40
-Deleted many maps

i missed good days in CSGO",1722062805,1723086179,False,573,31,0.925045788288116455,0,False,False,False,False,76561199208283990,108,33,15158,0,14070,1729554621,,730,20241127_154107,100
176329053,schinese,大哥很多，玩着很安心，就是大哥灵敏度有点高，视角看着有点晕，大哥甩狙很快，上一秒瞄着地，下一秒就爆头，ai  了,1728017656,1728017656,True,177,97,0.923524260520935059,0,True,False,False,False,76561199783261423,1,1,2335,79,1494,1732190364,,730,20241127_154107,100
178458855,russian,"Игра полная хрень. Вот несколько причин:
1. Выигрываешь 10 каток подряд - не повышает, но стоит проиграть после 1 игру и всё - понижает.
2. Valve обещали новый хороший античит, который они даже в трейлере игры показали, а в итоге мы получаем полное пати читеров, даже в премьере (я уж молчу о напарниках), и никого не банят. А за какие-то консольные команды ты отлетаешь от VAC.
3. Пули не регает даже вплотную, не говоря уже о тех осубях человекоподобного вида, которые с 1 пули прострелом в голову попадают, или же ты зашёл за стену, а тебя всё равно убивают так, будто ты прямо перед ним стоял.
4.Обещали несколько раз новую операцию, но прошло больше года с момента релиза игры, так и мало того, что не добавили новую операцию, но так и добавили дебильные пасы, которые стоят как прайм и и-то на время.
И наконец 5. Долбаный пинг и дебильные сервера Valve, на которых такие задержки, что аж плакать хочется. Когда ты идёшь где-нибудь, всё вроде-бы всё в порядке, и тут бац пинг подлетает на минуту на до 9999, и тебя в этот момент убивает чел. Или же пинг резко подлетает, и у тебя выбрасывается оружие, а на тебя уже 2, а то и 3 рыла смотрят.
Короче, можно много обсуждать, что Valve маленькая инди компания, которая не способна создать что-то, что реально будет хорошей игрой.
Согласен, в кс го были похожие проблемы, но некоторые из них можно было решить консолями, но вот в кс2 решили консольки отрубить, а после и VAC NET.
Игра ужасная, тимейты попадаются с лишними хромосомами, а в команды соперника гении, которые за читы и победу готовы семью продать.
Counter Strike, уже не та. И никогда уже такой не будет...",1730831969,1730831969,False,241,13,0.872134089469909668,27,False,False,False,False,76561198347021550,0,2,38298,2097,35794,1732656168,,730,20241127_154107,100
170542186,schinese,陆陆续续玩了一千多个小时了，刚玩的时候直接入迷了，这简直就是我理想中的FPS游戏，叫朋友们也都入了坑，每天最开心的事情就是一起五排开黑，基本上每天都玩好几个小时，周末一打就是一整天，可以说CS就是我的白月光，已经没有任何游戏可以超过他了，完全可以说是非常热爱这个游戏，会因为拿下残局高兴好几天，也会因为关键的一分马枪了自责好一阵子，后面更新的CS2，瓦罗兰特的热度也上来了，我朋友们都去玩瓦罗兰特了，其实我也有试着玩，但是还是很难接受这款游戏，跟cs差距还是很大，炫彩的界面，花哨的技能，真心感觉玩不来这个游戏，虽然说我最高段位只是个B+，但我对这款游戏的热爱是不可置疑的，我还是会像以前一样期盼着我的手机可以传来叫我上号的消息，一直,1721729355,1721729355,True,283,22,0.920730769634246826,9,True,False,False,False,76561199340506730,11,1,83867,0,78569,1731059656,,730,20241127_154107,100
177725659,russian,"Очень позитивная и расслабляющая игра. Начиная от душевных разговоров с таджиками, заканчивая ""леее я тебя в шаверму заверну"". Также стоит отметить что благодаря кс 2 узнал многое о своих родственниках и знакомых. Присутствует хороший античит, который слишком устал чтобы работать. Крайне рекомендую.",1729884060,1729884060,True,205,74,0.870173275470733643,0,True,False,False,False,76561199796949000,1,2,3021,958,93,1732701416,,730,20241127_154107,100
177343511,schinese,一年了，提出的所有严重影响游戏的问题都没有修复，更新个圈钱大行动网络问题还更烂了，cs2这辈子更新说明不如死锁一次小更新1/4厚，和你的死锁过一辈子去吧,1729353809,1729353809,False,101,7,0.867147624492645264,0,False,False,False,False,76561198205330129,156,5,159626,1733,155745,1732715476,,730,20241127_154107,100
176256674,schinese,通行证更新属实拉了坨大的，你要说想好好更新，多等等也没事，突然出了通行证，一看，nmb没任务系统，就纯匹配给经验值给星星呗，还nm抠搜的要死，打满才40点，110rmb就买了这坨大的是吧，还能不停重复购买。又不给纪念币，又没有任务，星星又给的少，以前的模式也不回归下，成天就在这嗯水些莫名奇妙的饰品是吧，动态贴纸，挂件，整nm那么多狗屎能提升游戏体验是吧，沟槽的，不如直接阉割游戏系统变饰品市场模拟器得了，烂完了,1727920994,1727920994,True,658,86,0.959809303283691406,23,False,False,False,False,76561198378560229,262,3,151835,296,147927,1732204313,,730,20241127_154107,100
176636297,english,"After nearly 8,000 hours in cs:go, I think it's only fair to commit to saying that I am thoroughly disappointed with CS2. The game has taken the gripping core concept of a counter-strike game, and built around it with the primary goal of building esports and cosmetic frameworks to generate revenue. There have been numerous requests for changes that should have been prioritized, with no exaggeration, since 2015. Anti-cheat and tickrate have been eschewed to spend time developing cosmetics and designing gameplay within the skins economy rather than engaging with the gameplay of the core game. And with all this extra revenue, you really can't afford 128 tick, even just for premier or paying premier players? 

The disrespect the continued non-development of the game itself reflects upon the community and the spirit that keeps the game alive should long ago have fractioned the playerbase, but the way back has been walled off by removing csgo from steam (possibly one of the most dishonest, anti-consumer moves i've ever seen). There is nothing honest going on at valve when it comes to cs2, and nothing elevating this game beyond a general shooter other than the allowance from valve for us measly customers to still interact with the core mechanics of counter-strike. perhaps they'll slowly sculpt this game into something decent, but the philosophy and principles pushing the counter-strike project at valve have long since left the realm of mechanics and passion for greener* pastures.",1728402020,1728405257,False,145,1,0.858869016170501709,12,True,False,False,False,76561198044360052,0,7,504296,960,500260,1732676447,,730,20241127_154107,100
173709564,russian,"Отличная игра! Ваши сокомандники расскажут где и как они проводили время с вашей мамой, сестрой и троюродным дедушкой по линии собаки Вашей тёти! Также Вы узнаете многое о Вашем уровне развития, но это не беда, ведь здесь Вас окружают люди с IQ которое давным-давно уже ушло в минус. Вас убьют за AWP, калаш или любое оружие лучше ножа, всем советую",1724933147,1724933147,True,142,48,0.857555508613586426,0,True,False,False,False,76561199055398700,23,5,4380,0,2734,1730289381,,730,20241127_154107,100
156806145,english,Too many hackers... Hacking blatantly It feels really sad to put so much time and effort to rank up or even play the game now :( sorry i love Cs but this is Hectic.....,1706208958,1706208958,True,216,17,0.855361700057983398,10,False,False,False,False,76561198039891533,26,4,278763,0,276460,1719742353,,730,20241127_154107,100
155310859,brazilian,"Desenvolvi crise de ansiedade, Depressão, Esquizofrenia, Estresse pós-traumático, Transtorno Bipolar, 
Transtorno obsessivo-compulsivo, Transtorno de personalidade Borderline. 


Excelente o jogo, recomendo.",1704465869,1704465869,True,148,87,0.905092895030975342,4,False,False,False,False,76561198975254528,46,5,33531,397,30062,1732676071,,730,20241127_154107,100
153330805,schinese,游戏本是打发无聊时的消遣，后来它成为了我唯一的爱好，并不是游戏有多好玩，认识的朋友也都会散，只是在我孤单的时候是它一直陪着我，其实一个人也挺好就像一个人单排，输赢全凭尽力。,1702243945,1703347064,True,119,9,0.855015337467193604,0,True,False,False,False,76561199026126416,388,15,36823,730,16228,1732540525,,730,20241127_154107,100
165545770,russian,"Пора мне написать обзор на этот бездарный высер. 
Я потратил на эту ""игру"" на момент написания 769 часов.
Последний раз серьёзно в ЭТО я играл в 2014-15 году, когда прогуливал школу и на тот момент игра действительно была неплохая. Что же мы видим на данный момент) Хе-хе))))) В игре на полном серьёзе сформировалось комьюнити читеров,  которое полностью заполонило ММ и Премьер. Хештег фикс КС:ГО не помог(.... Каждая отсталая обезьяна играет с XYйней и не стесняется этого, это ДАЖЕ НЕ ОСУЖДАЕТСЯ УЖЕ) Вы представляете? Стая обезьянок тратит тысячи часов вот уже 3-4 (*возможно больше) года, на то чтобы бегать по карте и смешно убивать других крутилкой через стенку. Существует ХВХ сервера, нарезки от сотни макак, как на ютубе они убивают людей под CODE10/Грустный рэп для дегенератов. В игре нонстоп выпердывают обновы на скины, античита в игре просто нет, половина онлайна это фермы китайцев чтобы фармить кейсы. Если бы не Фейсит, игра бы повесилась на шее у матери Гейба Ньюела.
 Вы спросите меня? - А почему ты не играешь на фейсите, там же нормально можно побегать без 4leнососов)
А может вы спустите всех ублюдков и наконец займетёсь игрой, которая приносит максимально количество баблы STEAM'у?  Не играйте в эту игру, здесь собран худший мусор и только обиженные отбросы со всего мира. 
Я презираю комьюнити этой игры и если ты читаешь это и любишь круто побегать с крутилкой, чекай могилу сам знаешь кого. Это проклятие.",1715969155,1715969155,False,708,51,0.900741875171661377,70,False,False,False,False,76561198040789057,420,15,49826,0,46167,1730041949,,730,20241127_154107,100
178297737,english,"Alright, I've been playing CS since 1.6. I know CS:GO had a rough first year after release, but CS2 really is something else. As someone that used to do tournaments and events with a team as a former semi-pro back in the day, this game has steered so far to terrible that it's just not worth wasting time on until it's in a proper playable state. It's a shell of what once was one of the most optimised FPS's out there and many other current pro players and former pro players will tell you the same thing. If you have a ping above 20, forget about it. The glitches, the cheaters, the lack of network utilisation, the lack of support for content creators, the deceit etc.. There's just so much wrong with this game right now. This review may change later, but I'm dead sick of trying to enjoy it as it once was. Perhaps it's my fault for moving over to Starlink, perhaps I'm getting old, or perhaps the years beforehand were my imagination, but no, it's not the case because others have the exact same issues and it seems Valve has turned a blind eye to them.",1730620920,1730620920,False,234,15,0.850519061088562012,4,True,False,False,False,76561197961062135,454,20,136561,2458,132235,1732522108,,730,20241127_154107,100
176086180,russian,"раньше было лучше и присутствовал свой вайб, а сейчас валв клали болт на кс и топят онли дедлок и в день рождения кс выпускают обнову в долбанный дедлок",1727698455,1727698455,True,119,5,0.843342065811157227,0,True,False,False,False,76561199526263819,46,10,7215,165,4130,1732287810,,730,20241127_154107,100
172185146,russian,"Кратко о системе званий:
• Вы слили три игры подряд? - Понижение.
• Вы выиграли семь игр подряд, а затем слили игру? - Понижение.
• Ничья? - Понижение.
• Вам попались ♥♥♥♥♥♥♥♥♥♥ы в команду? - Понижение.
• Ваши друзья думают, что вы шутите о новой системе рангов? - Понижение.
• Вас кикнули? - Бан и понижение.
• Вам что-то не нравится? - Понижение.
• Вы не открываете кейсы? - Понижение.
• Вы зарегистрированы в Origin? - Понижение.
• Вы выиграли пятнадцать игр подряд? - Кхм... Нууу... Мы подождём, пока вы проиграете.
• Вы проиграли? - Понижение.
• Вам выпал нож? - Понижение.
• Вам не выпал нож? - Понижение.
• Вам НЕ нравится новая система рангов? - Понижение.
• Вам НРАВИТСЯ новая система рангов? - Прекрасно, понижение вам тоже понравится.
• Вы не заходите в игру? - Понижение.
• Вы заходите в игру? - Держите тупых тиммейтов.
• Зачем? - Понижение.
• Понижение? - Понижение.
• Повышение? - Понижение.

10/10 по шкале слива рангов!",1723740036,1731352841,True,840,251,0.941687643527984619,0,True,False,False,False,76561197993483464,5,1,47678,4531,40565,1732311709,,730,20241127_154107,100
169952915,german,Hab die Schnauze gestrichen voll. Valve bekommt es seit Jahren nicht mehr in den Griff etwas gegen die Flut an Cheatern zu unternehmen. Mittlerweile vergeht keinen Tag an dem nicht mindestens 50% aller Spiele nicht gewonnen werden kann da mindestens einer in diesem Game den Rage Cheat auspackt. Ich habe schlichtweg keine Lust mehr auf diese Scheiße. Entweder Valve hört endlich auf uns zu verarschen und gibt der AntiCheat die höchste Priorität oder dieses Spiel stirbt für mich aus. Seit CS2 hat es Valve nämlich geschaft mehr Cheater mit noch absurderen Cheat an Bord zu holen als es noch bei CSGO der Fall war und dies schien für mich bis vor einem Jahr noch undenkbar. Außerdem fehlt jeglicher Kontent welcher bei CSGO noch vorhanden war.,1721076481,1721076481,False,103,10,0.841184377670288086,0,True,False,False,False,76561198056777312,134,3,229768,0,223473,1729377937,,730,20241127_154107,100
177009648,english,"If valve installs a proper anti cheat and stops with battle passes the game would be much better. Game is 9/10, however until the fix the anti cheat and put back the gamemodes they took away im giving the game a 5/10",1728866631,1728866631,True,118,9,0.840163648128509521,11,True,False,False,False,76561198329973156,66,5,135677,4482,121270,1732678459,,730,20241127_154107,100
160122665,french,"Pas d'anti cheat potable, je n'ai jamais vu un jeux aussi tourner vers l'esport qui a un systeme de lutte contre le cheat le plus claquer au sol...

si vous êtes un warrior qui n'a pas peur d'affronter les ténébres du net, allez y sinon passez votre chemin.
80% des game classé comporte un cheater... Injouable.",1709923190,1709923190,False,91,7,0.837975263595581055,0,True,False,False,False,76561198070360619,0,2,96147,751,77490,1732657567,,730,20241127_154107,100
179612289,schinese,"电子竞技的底层逻辑绝对是公平，经过这么多年的演变，电子竞技已经转换成体育赛事的一种了，这是大家有目共睹的
v社通过改变规则的方式，将已经晋级传奇组的big下放至挑战组，这不仅是major的耻辱，也是整个电子竞技的耻辱
我是一名普通游戏玩家，我为big发声",1732328223,1732328223,False,79,1,0.837507963180541992,4,True,False,False,False,76561199189491710,29,2,73954,138,73951,1732411294,,730,20241127_154107,100
169865981,english,"A heaven game for smurfs, cheaters, griefers, etc., as they don't get punished for it

very nice",1720976169,1720976169,True,283,34,0.887276351451873779,10,True,False,False,False,76561199692777826,0,3,11425,261,7462,1732024878,,730,20241127_154107,100
176774273,french,"-Je parle Russe couramment maintenant 
-Une fois sur 2 un type ragehack dans la game 
-Je suis devenu parano et cri au cheat a tout vas
-Je suis toujour silver depuis 2016
-J'ai plus de thune grace a ce casino géant qu'est CS
-Je recommande",1728586875,1728587233,True,45,35,0.836473226547241211,0,True,False,False,False,76561198090820033,214,11,85265,216,83723,1732169556,,730,20241127_154107,100
176254813,english,Imagine it being over a year since the release of a game and there are still 3 maps from the OFFICIAL trailer for CS2 that aren't in it yet. This most recent update is a testament to this development team's utter incompetence.,1727918182,1727918182,False,126,1,0.834449529647827148,0,True,False,False,False,76561198119573861,130,6,235520,781,230211,1732436624,,730,20241127_154107,100
173339329,schinese,对新手的建议是先多练习然后再去实战便有好的体验你刚开始去玩cs的话是不会被它吸引的但是你如果会坚持玩下去的话你会有不一样的发现，这个游戏也是非常公正的竞技游戏并不是说你有多好的皮肤多好的刀就会变厉害，总而言之什么事只有你自己体验了才知道。,1724592830,1724592830,True,73,6,0.833542168140411377,3,True,True,False,False,76561199396162630,0,1,62935,505,60021,1732653058,,730,20241127_154107,100
178403578,russian,"легендарная игра, лучшие сокомандники!!  эмоции от игры нельзя передать словами но можно  цифрами - 0/10",1730750594,1730750594,True,143,68,0.832819104194641113,0,False,False,False,False,76561199590713333,34,6,7569,0,7569,1730555839,,730,20241127_154107,100
176092038,russian,"Очень позитивная и расслабляющая игра. Начиная от душевных разговоров с таджиками, заканчивая ""леее я тебя в шаверму заверну"". Также стоит отметить что благодаря кс 2 узнал многое о своих родственниках и знакомых. Присутствует хороший античит, который слишком устал чтобы работать. Крайне рекомендую.
",1727705429,1727705429,True,202,100,0.882144927978515625,6,True,False,False,False,76561199089038467,41,4,34406,0,33185,1730047649,,730,20241127_154107,100
175161317,polish,"Ta gra jest jak kobieta.

Czasem przyjemne chwile, że na stałe zostaną w pamięci.

A czasem to się wytrzymać nie da.",1726568153,1726568153,True,100,32,0.875475049018859863,0,False,False,False,False,76561199042258193,0,1,88769,0,87259,1729802363,,730,20241127_154107,100
176518035,english,"every time i play this game, it's a gamble. either you'll meet the nicest people ever and have fun, or be tormented and harassed to the point of suicide. the anti cheat is practically non existent, cheaters can just blatently shoot you through walls or do some crazy inhuman shit, and the game just looks over it like a blind paraplegic. for some reason, i keep coming back, and every time i'll either get a team full of retards or an enemy team full of cheaters, (possibly both) and i'll abandon the match to avoid suicidal thoughts, which the game accompanies with a 1 week competitive ban. 10/10",1728242879,1728242879,True,77,13,0.824758172035217285,0,True,False,False,False,76561199221198729,30,2,50669,912,46232,1732649450,,730,20241127_154107,100
153314200,brazilian,"depois que o CS 2 foi lançado eu constantemente sofro crashs durante as partidas, que me forçam a reiniciar o PC, já verifiquei arquivo, reinstalei o jogo diversas vezes e isso continua. Vou deixar negativo até que resolvam esse bug, também já pesquisei e não sou o unico com esse problema.",1702229012,1702229158,False,50,3,0.822391033172607422,0,False,False,False,False,76561198100502142,86,1,105961,250,102694,1732161069,,730,20241127_154107,100
176262785,english,"1 Year since release.  Hardly any anti cheat improvements, removed gamemodes, removed live games, removed OverWatch system, no seasons as promised, and now we get the barebones BattlePass with no missions, no co-op missions, no new maps, no new game modes, no medal and less rolls for $3-4 more then your average CSGO Operation Pass.  Yikes.",1727930421,1727930475,False,128,1,0.820383548736572266,0,True,False,False,False,76561199171771762,0,2,20535,1050,17106,1732711044,,730,20241127_154107,100
177029692,schinese,最近更新完把把掉包率45%，看见人就卡死，直接闪现根本没法玩啊。,1728902511,1728902511,True,251,15,0.920310497283935547,0,False,False,False,False,76561198998664821,32,1,46157,820,44115,1732714799,,730,20241127_154107,100
170639645,schinese,更新之后好卡啊，右上角数据全绿，不跳ping，但就是卡，人物一顿一顿的。走着路就卡一下，然后人就在另一个位置了。,1721837494,1721837494,False,137,15,0.818179070949554443,0,False,False,False,False,76561198969729729,354,9,10117,0,9638,1728561583,,730,20241127_154107,100
156851523,schinese,"https://steamcommunity.com/id/jL-13/inventory/#730_2_38824393599
很不错的FPS游戏，只是让我想起了17岁玩运输船和守望之城时，以为杀掉的呆滞敌人是人机，殊不知那是未来下班后疲惫的自己……
路过的朋友可以给我一个的赞嘛，我真的很需要点数去换些头像，祝看到这段文字的人平安喜乐~
⣿⣿⣿⣿⣿⣿⣿⢿⠟⢿⣿⣿⣿⣿⠿⠛⠛⠿⢿⣿⣿⣿⣿⠛⣿⢿⣿⣿⣿⣿
⣿⣿⣿⡿⢿⣿⣿⣄⠄⣼⣿⡿⠋⠄⠄⠄⠄⠄⠄⠄⠛⣿⣿⠄⢀⣤⣿⣿⣿⣿
⣿⣿⣷⣤⣸⣿⠛⡛⢛⣿⠋⠄⠄⢀⠄⠄⠄⠄⠄⠄⠄⠘⣿⣿⡿⣿⣿⣿⣿⣿
⣿⣿⣿⣿⡿⠁⠄⠁⠈⠄⠄⠄⠄⣿⡀⠄⠄⠄⠄⠄⠄⠄⠓⠸⠏⠄⢹⣿⣿⣿
⣿⣿⣿⡿⠄⠄⠄⠄⠄⠄⠄⢠⠿⠿⢻⣦⣤⣠⠄⠄⠄⠄⠄⠄⠄⠄⠈⠻⣿⣿
⣿⣿⡿⠁⠄⠄⠄⠄⠈⠄⠄⢸⣿⣿⣿⣿⣿⢭⡛⡀⠄⠄⠨⠄⠄⠄⠄⠄⣿⣿
⣿⣿⠁⠄⠄⠄⠄⠄⠄⠄⠄⠄⠻⣧⡀⣈⣿⣿⠟⠄⠄⠠⢇⠄⠄⠄⠄⠄⣿⣿
⣿⡁⠄⠄⠄⠄⠄⠄⠄⠄⠄⠄⢀⢀⣉⡉⠉⠄⠄⠄⠄⠄⠰⠂⠄⠄⠄⠄⢹⣿
⣿⡇⠄⠄⠄⠄⠄⠄⠄⠄⠄⠄⠄⣿⠿⠁⠄⠄⠄⠄⠄⠄⠄⠄⠄⠄⠄⠄⠘⣿
⣿⣿⣶⣤⣤⣄⠄⠄⠄⠄⠄⠄⠄⠄⠄⠄⠄⠄⠄⠄⠄⠄⠄⠄⠄⠄⠄⠄⣼⣿

",1706259614,1722996330,True,466,23,0.867665350437164307,0,False,False,False,False,76561199595564605,3,1,11685,397,297,1732459589,,730,20241127_154107,100
176275204,russian,"боже. придумать что-то около батл паса за 1400 рублей... играть матчи и фармить очки, чтобы покрутить коллекции, стикеры, БРЕЛКИ (ОГО). ты же даже не сможешь выбрать то, что хочешь. выпадет рандом. никакой тебе запретной зоны, реворки карт, добавление старых-новых режимов. только одна дрочь. ну гоев надо греть, как говориться. на игре нужно зарабатывать. больше разрабы кс ни о чем не думают.",1727949533,1727949533,False,201,4,0.867600381374359131,0,True,False,False,False,76561199044123325,0,6,98154,438,96730,1732376555,,730,20241127_154107,100
179218727,russian,"Лучшие тиммейты, отсутствие читеров, не токсичная атмосфера в команде, нормальная регистрация попаданий и конечно же поиск игры с нормальным пингом, где все будут в равных условиях это те вещи, которые вы тут не найдете.",1731834930,1731834930,True,69,35,0.816069900989532471,0,False,False,False,False,76561198171447326,60,1,54593,2345,52835,1732645798,,730,20241127_154107,100
172869800,russian,"Познакомил меня с этой игрой мой любимый муж. Я проходила обучение и тренировки вместе со своей Правой. Игра формирует дружественную атмосферу командного кооператива. В каждой игре мы находим игроков, которые очень радуются, что в игру играют девушки! И каждый раунд мы узнаем о себе новое, после каждого комментария мы всегда идем на кухню готовить борщ по советам игроков. Я наконец-то узнала свое место в этом мире, спасибо!",1724261885,1724261885,True,165,75,0.863909363746643066,7,False,False,False,False,76561198255346137,0,1,44739,1168,34750,1732481651,,730,20241127_154107,100
165664874,brazilian,"O jogo em si é maravilhoso, e nossos grandes problemas são como em qualquer outro jogo, comunidade toxica e xiters. 

Como sugestão para evitar estresse segue essas dicas. 

1 - Competitivo apenas em time fechado, digo isso pois nossos amigos do mesmo continente são bipolares, começam chamando de Manito e terminam chamando de m4caco matando os aliados. 
2 - Não quer se estressar, nao jogue. 
3 - Não economize nas denuncias em xiters e toxicos (em alguns casos é bann automatico.) 

",1716116703,1716116703,True,45,0,0.813369333744049072,0,True,False,False,False,76561198302792516,10,3,24437,0,16519,1722988313,,730,20241127_154107,100
170856542,schinese,这个游戏实在太好玩了！！ 匹配的对手五个有2个挂3个炸鱼 匹配的队友全是牛子 非常锻炼意志力与忍耐力 同时也可以促进你和队友亲子之间的关系！这款游戏能很好的预防低血压 同时能锻炼我们的口语表达能力与社交能力 残局1v1的时候同样受力面积的情况下你的压强永远大于对面 因为队友会给你施加大量的压力！这款游戏还适合有受虐倾向的人游玩 同时也适合家人之间一起玩耍 但是打完几局你的家人可能就不剩几个了,1722057415,1722057415,True,86,64,0.81293189525604248,0,False,True,False,False,76561199488958278,19,1,27059,0,24034,1723215193,,730,20241127_154107,100
163371660,russian,"Я не вижу особого смысла расписывать достоинства этой игры, они и так всем хорошо известны, классический геймплей, практически не менялся со времен версии 1.6 и пожалуй, это к лучшему, играть всё ещё интересно. А вот о чём сказать необходимо, так это о засилии читеров, бесполезной системе рейтинга, и о катастрофически малом количестве контента, ну начнем пожалуй, обо всем по порядку.

[h2]Читеры[/h2] Как много в этом слове. Количество мерзавцев, использующих софт, на данный момент просто зашкаливает. Вы можете подумать, что данная проблема касается только людей играющих на высоком рейтинге, но нет, их хватает везде, и самое страшное, что кампания Valve, ни как эту проблему не решает. Уже в течении полугода нас кормят обещаниями выпустить некий анти-чит на основе ИИ, который станет карой небесной для каждой сволочи с ВХ и АИМ-ботом, но воз и ныне там, а между тем, игра превращается в цирк, в котором побеждает тот, у кого в команде клоун с более дорогим и качественным софтом.

[h2]Система рейтинга[/h2] Она не работает, она не является показателем вашего скилла, она вообще не является показателем чего-либо, она просто есть. Вы можете встретить человека с 10к ПТС, который не умеет стрелять, не понимает элементарных вещей и даже не знает названия позиций на карте, а можете нарваться на смурфа 4к рейтинга, который будет вращать вас на детородном органе всю игру. Система никак не поощряет вас, это просто цифры на экране монитора, прикрученные для того, чтобы в игре была некая видимость, некого «баланса», но его нет, даже не надейтесь.

[h2]Контент[/h2] За полгода, нас порадовали, только режимом «Гонка вооружений» да и тот ограничен двумя картами, кушайте на здоровье. Ни новых карт, ни операции, ни режима «Запретная зона», ни уж прости господи нового оружия, или новых механик, ничего из этого вы здесь не увидите. Зато есть оружейные кейсы, которые выдают раз в неделю, стимулируя игрока на покупку ключика, и последующее открытие этого самого кейса, это всё в наличии имеется, Габен большой мальчик, он кушать хочет, неси монетку.

[h2]Вывод[/h2] На данный момент, я категорически никому не рекомендую эту игру. Вы должны понимать, что для того, что бы принимать участие в режиме соревновательных игр, вам необходимо приобрести «Прайм-статус» цена за который 1400 рублей, деньги не большие, но даже их отдавать за такое качество продукта жалко. Ждите, и может когда-нибудь из этой игры и выйдет толк, а пока это довольно странное поделие, паразитирующее на славе, ныне почившей CS:GO.

P.S. Моему аккаунту 17 лет, никогда, за всё это время, обзоры не писал, довели человека, сволочи. 😊
",1713780584,1713780769,False,193,15,0.861494481563568115,0,False,False,False,False,76561197987616362,253,1,71561,1688,43601,1732468833,,730,20241127_154107,100
167826523,schinese,"我给反恐精英的东西：
1.金钱
2.时间
3.爱

反恐精英给我的东西：
1.关节炎
2.愤怒
3.坏键盘
4.坏鼠标
5.9/10 玩家已就绪
6.服务器崩溃
7.低智商队友
8.竞技比赛
9.滞后封禁
10.作弊者
11.64&128tick服务器
12.焦虑
总之爱玩 我菜",1718963561,1718963561,True,334,95,0.960126936435699463,0,False,False,False,False,76561198982830435,17,1,129265,3649,97033,1732715086,,730,20241127_154107,100
163621718,brazilian,"Jogo fez parte da minha adolescência inteira, era um jogo muito bom, porém depois que foi atualizado para sua nova versão de CS2, o jogo ficou ridículo, injogável e até asqueroso em certos aspectos. Praticamente toda partida tem alguém usando rage hack, girando fazendo o que quiser e não foram banidos, também tem o famoso 'legitando', você baixa a demo e vê o cara usando um wall de leve, comendo paredes, não checando pixels do bomb para abrir se movimentando igual uma batata e matando 30+, o que acredito que levou a comunidade a uma paranóia  porque agora todo mundo leva uma bala e ja fica desconfiado sobre a integridade da outra pessoa, há várias contas velhas, com várias horas de jogo cheatando então realmente está um caos total. Também é frustrante que se você tiver o mínimo de noção, fazer alguma wallbang, ou até dar uma balinha atualmente já vai começar a choradeira (o que não seria um problema, porém alguém liga o hack no time inimigo e o time não vai expulsar pois acreditam que tem alguém usando do outro lado), minha experiência atual é eu jogar cair contra xitado/ eu dar umas 2 balas meio cagadas e alguém ligar do outro time e começar a falar ''vai ter  que girar agr pra ganhar'' e ficar provocando xingando com 0 provas se realmente eu estava utilizando algo, se baixasse a demo certamente iria ver que a movimentação etc não era a mesma das aberrações que andam tendo por ai, porém com essa pandemia de cheaters infestados por ai parece que ninguém sabe diferenciar mais algúem bom de um simples hack, então até a valve arrumar isso não recomendo nem um pouco esse jogo, está ridículo e quem gosta de verdade só irá se frustrar lembrando dos bons tempos que já teve nesse jogo. Espero que com o overwatch que saiu agora minimize a quantidade de cheaters. (sim foi uma análise e desabafo, pois quem gosta mesmo do jogo sabe o quão frustrante e triste está a situação).

P.S: Acredito que deveriam colocar um kernel que seja, atualmente nenhuma informação está realmente escondida para as empresas, então meio que essa história de dados pessoais e privados ja quase não existe (talvez falei merda nisso), mas se não dão um jeito sem isso seria melhor colocar uma espécia de vanguard igual o valorant do que continuar uma patifaria dessas que faz com que só exista cheaters em toda partida. Obrigado por ler e espero ter dado algum feedback de útil 

Editando a análise um tempo depois: aparentemente o número de cheaters diminuiu um pouco, mas ainda tem uma boa quantia por ai então o problema ainda não foi resolvido de vez. (( e não aguento mais os chorões de plantão, já fui expulso várias vezes de deathmatchs somente por estar jogando, é muito frustrante você ficar jogando 8 minutos pra pegar seu exp semanal e te expulsarem simplesmente por ''jogar bem'', não estou falando que sou bom mas é muito comum iniciarem um vote por eu estar matando no dm, e uma boa parte da comunidade ainda não sabe diferenciar um cheater de alguém com experiência, o direito é de vocês de expulsarem mas por favor se for no deathmatch, pelo menos vão de espectador e assistam a tela de quem vocês suspeitam, vocês também não gostariam de serem xingados, acusados e expulsos injustamente somente por jogar o jogo sem nenhuma trapaça, perdão pelo outro desabafo mas já foram várias vezes a mesma coisa, se alguém acusa o outro de hack no dm e abre votação, normalmente pelo efeito manada a sala inteira concorda com o F1 somente pq o jorginho123 falou que você é cheater...)))


Atualização mais nova|: é quase impossível jogar mata mata, uns 50% dão vote kick em mim, não consigo mais jogar o jogo só, é proibido jogar, o frustrante é que quando tem um cara de hack mesmo, ou bot farmando caixa não expulsam, a maioria da playerbase tem poucos neurônios infelizmente, se alguém é melhor que eu logo é cheater, acredito que seja essa a lógica da maioria, deveriam tirar o vote kick dos DMs e fazer o anti cheat funcionar, deixar quem joga ou não na mão dos jogadores causa esses problemas, tem muitos sem experiência que fazem essas patetadas",1714140131,1719581699,False,80,2,0.857315003871917725,4,False,False,False,False,76561198146741444,120,4,291260,3397,243139,1732674142,,730,20241127_154107,100
174642459,schinese,最后还是怀念gogo，新地图真的一大坨，什么时候把我的老overpass还回来呢？回不来了，因为sb v社不会设计地图就教玩家打游戏，还有火车，唉,1725941656,1725941656,True,109,12,0.807119011878967285,0,False,False,False,False,76561198809539877,0,6,121861,33,121621,1732139422,,730,20241127_154107,100
171726642,english,"this is the worst game I've ever played. It makes me want to pull my hair out, punch my computer, set it on fire, sell all of my belongings, move to Ibiza, and live the rest of my life with the mere memories of its horrors.

anyways 10/10 would recommend :D",1723178423,1723178423,True,269,133,0.856838762760162354,10,True,False,False,False,76561198799335409,28,3,20274,61,12363,1731635940,,730,20241127_154107,100
172233698,russian,"Здесь очень хорошие игроки. Они с уважением относятся к вашим родственникам. Узнал много интересного про своих родителей. Мне кажется, что все 4 тиммейта любят мою маму больше чем я сам. Иногда попадаются люди с проблемами позвоночника. Им приходится смотреть вниз при этом бегать по карте. Конечно они раздают фраги жёстко, но мне всё равно жалко таких людей-инвалидов которые родились с заболеванием позвоночника. Бывает, в катку закинет человека, который способен чувствовать противника через стены. Недолго думая мой тиммейт тоже решил овладеть такой способностью. Какая-то Битва Экстрасенсов получается. За эти несколько часов проведённых в этой замечательной игре я пополнил свой словарный запас матами на 100 томов. Ещё здесь можно встретить успешных самцов, которые переспали со всеми мамами света.",1723798257,1723798257,True,190,126,0.902598381042480469,0,True,False,False,False,76561199758638919,15,1,5490,17,10,1731707112,,730,20241127_154107,100
174005652,russian,"Очень позитивная и расслабляющая игра. Начиная от душевных разговоров с таджиками, заканчивая ""леее я тебя в шаверму заверну"". Также стоит отметить что благодаря кс 2 узнал многое о своих родственниках и знакомых. Присутствует хороший античит, который слишком устал чтобы работать. Крайне рекомендую.",1725210873,1725210873,True,78,29,0.801917493343353271,0,True,False,False,False,76561199537058748,10,4,23640,2259,11621,1732656675,,730,20241127_154107,100
171884253,english,"""This is a great game; it gave me a terrible gambling addiction, and I now never leave my room, but this game is still great. The thrill of the matches and the strategy involved in CS
make it incredibly engaging, and despite the challenges, it's hard to pull myself away from the action.""
i might be a hardcore racist now, and a little sexist. but that's not the point, all i'm trying to say is i'd pulled my grandma off life support to open up a few creates and to get a win.",1723368446,1723368446,True,149,86,0.801627397537231445,5,False,True,False,False,76561199227567084,0,6,68335,1189,55142,1732708643,,730,20241127_154107,100
152762828,turkish,"ALL servers full of cheaters. No support no one cares about the game. 
me and my friends spent 20 + years for this game. YOU must care about it. No one try to hide their cheating actions because of you valve. We love this game but cheats make it impossible to play.",1701562995,1705702192,False,73,0,0.800699770450592041,7,False,False,False,False,76561198051570766,0,1,173511,323,161295,1732651044,,730,20241127_154107,100
178571515,schinese,怎么说呢，兜兜转转fps游戏，还得是cs最耐玩，因为它的本质也是最纯真的，就是竞技。你可能会为持续竞技感到一时疲惫，但你不得不否认你也有一颗强烈的好胜心。就这一点不需要过高的画质，就能让人专研道具枪法地图几千个小时,1731001704,1731001704,True,53,5,0.800380706787109375,0,False,False,False,False,76561198985695950,18,1,53746,3939,48047,1732708922,,730,20241127_154107,100
166690784,english,"Uninstalling. 
I've been playing CS since 1.3. I played them all, 1.5 1.6, go, and now cs2. 
Incredible game, but the competitive scene is full of hackers, not only blatant ones, but also sudden.
I have incredible reputation, old account, lots of reviews, and valve keeps matching me with 50 hours old accounts. Ridiculous.  Matchmaking is BROKEN. 
I'm not enjoying any match since my brain goes, ""he must be hacking"" every 1 minute.
BYE",1717535227,1717535227,False,586,33,0.900234818458557129,22,True,False,False,False,76561198008280761,69,5,126750,0,126750,1717535041,,730,20241127_154107,100
174523060,turkish,"Subtick sorunu Fps optimizasyonu sıfır, hile sorunu toxic ruslar fakat yinede ne yaparsan yap bırakamazsın uyuşturucu gibidir bu illet bakarsın bakarsın oyun bulmak için oyun bulamazsın sonra yine bu bataklığa düşersin sanki bir anarşi  gibidir bu oyun herşey serbesttir.İstediğine söv hile aç her türlü şeyi yap, ban yeme olasılığın TR ekonomisinin düzelmesiyle aynıdır.",1725799842,1725799842,True,52,20,0.800104081630706787,1,False,False,False,False,76561199102255117,22,4,32163,638,25403,1732716787,,730,20241127_154107,100
176067929,schinese,"入坑建议；
如果你是抱着娱乐来的那可能这游戏不太推荐，因为这个游戏和CF不一样的是这个游戏是经济性游戏，所以上手时间以及难度会更高些，通常100小时算入门罢
如果你要入，那么建议你先打休闲模式，熟悉下地图点位，道具什么的，如果你要长久的玩，那么推荐买优先账号【前提是你只打官匹】
cs还有好多第三方平台，比如完美，5e什么的可以再你熟练了之后来下载去玩，不然会被队友骂
最后，游戏是好的，当你入门了后会发现这玩意很上瘾的，前提是看你能否挺过新手期",1727665736,1727665736,True,89,7,0.799996316432952881,13,False,True,False,False,76561199388718214,26,2,23205,284,21247,1732433373,,730,20241127_154107,100
173963632,schinese,CS作为我第一次玩的启蒙fps游戏，第一次游玩的时候也和大多数萌新一样，只敢打打人机和休闲，根本不敢打竞技，怕坑了队友，那时候是我初中的时候玩的了，我记得我刚开始打的时候也是什么也不懂，打的也很菜，但是那个时候的氛围真的很好，即使我打的很菜，也会有人告诉我说先从休闲和官匹打起，再到后来自己去找那些所谓的组队群到处流浪，希望有个人能带带我，也确实找到了几个哥们一起打游戏，每天放学了就来一把，无论打的多么的菜，也不会有人压力，也不会有人不开心，感觉每一个人都是真正的热爱这一款游戏，现在回想那段时间是真的是无法用文字来表达的开心，现在和那几个朋友也没有联系了，只有我一个人一直在单排，有人说，现在的cs环境很差，什么ez，收徒，我觉得并无所谓，人数基量大了自然就会产生这一种问题，而我喜欢在队伍里面互相交流的感觉，喜欢打残局血脉飙升的感觉，更享受打出高光队友为我喊出的鼓励，我想我是真正热爱这一款游戏，所以无论你是什么年龄段，我都会相信你会喜欢上cs的,1725175683,1725175683,True,46,4,0.799405336380004883,0,True,False,False,False,76561199696934679,4,1,20832,715,13512,1732698771,,730,20241127_154107,100
155292071,ukrainian,"Україно,

Свята Мати Героїв, зійди до серця мого, прилинь бурею вітрів кавказьких, шумом карпатських ручаїв, боїв славного завойовника батька Хмеля, тріумфом і гуком гармат революцій, радісним гомоном Софійських дзвонів.

Нехай душа моя в тобі відродиться, славою твоєю опроміниться, бо ти, Пресвята, все життя моє, бо ти все щастя моє.🇺🇦",1704443736,1704443736,True,97,1,0.84840548038482666,0,True,False,False,False,76561199555399005,35,5,4384,59,3369,1732211210,,730,20241127_154107,100
178600856,english,"fantastic game. Just needs to work on, cheating, movement, matchmaking, networking, community maps, cheating, anti-cheat, maps that have been gone for years. cheating. and add back signatures to trade ups",1731043742,1731043742,True,48,13,0.796164870262145996,0,True,False,False,False,76561199767360247,0,1,4371,316,3825,1732675084,,730,20241127_154107,100
177669953,brazilian,"jogo bom, só falta melhorar servidor, bugs, lag, problemas de otimização, problemas de desempenho, problemas diversos, voltar a cache, melhorar o anti-cheat e etc, mas no geral ta bao.",1729808525,1729808598,True,37,24,0.795496106147766113,0,True,False,False,False,76561199202982985,25,2,53363,2781,46958,1732670676,,730,20241127_154107,100
174700030,brazilian,"O jogo em si é divertido como qualquer outro Counter-Strike que já foi feito, porém o que está acabando com o jogo literalmente é o fato do jogo estar infestado de cheater e a empresa VALVE não fazer nada a respeito. O jogo está quebrado e a empresa pensa apenas em lucrar com loot box, o comercio no mercado da comunidade e etc. A real vontade é de simplesmente quitar e nunca mais voltar pra qualquer jogo que a VALVE fizer. Um jogo criado e moldado pela comunidade que infelizmente está na mão de pessoas incompetentes endinheiradas.",1726012580,1726012580,False,39,3,0.795287847518920898,0,True,False,False,False,76561198341724926,88,5,131829,1905,119468,1732668945,,730,20241127_154107,100
171892345,ukrainian,"Дуже толерантна гра по відношенню до усіх гравців.
В одній команді з вами можуть бути люди з обмеженими можливостями, особи з синдромом Д**на, паралізовані, справжні гомосексуалісти, люди із відсутніми або ростущими з іншого місця кінцівками та багато багато інших.
Повністю рекомендую!!!!",1723378811,1723378811,True,45,11,0.79509580135345459,0,False,False,False,False,76561198118055481,28,5,180894,1432,166372,1732650235,,730,20241127_154107,100
171174981,russian,"[h1]Кусок говна![/h1]
Вот хочу спросить лично сотрудников Valve - ЗАЧЕМ? Ну была хорошая игра, старая добрая cs go. Зачем надо было выпускать этот безусловно красивую в графическом плане, но абсолютно ужасную в плане честности игру>?
[b]Разницу после CS GO почувствуете сразу: читеры и дисбаланс команд в плане рангов и скилла. Играть стало очень трудно, читеров стало больше, а нейросетка не справляется от слова совсем![/b]
Да чего уж говорить, если сами Valve заявляют, что не знают, как решить проблему с читерами! Ну вы там нормальные или нет?
Пока мое время в этой игре сводится для того, чтобы зайти раз в неделю и получить награду, а так не вижу смысла тратить свои силы и нервы на такую халтуру разработчиков!
[h3]3 катки победные из 10![/h3]",1722445523,1722445523,False,171,10,0.844947218894958496,26,True,False,False,False,76561199646336920,34,11,17805,984,11208,1732716883,,730,20241127_154107,100
155010513,polish,"COUNTER STRIKE 2 w porównaniu z CSGO:
-mniej trybów
-mniej map
-brak możliwości grania customów ze znajomymi
-nieustanne resetowanie ustawień co wejście do gry: ustawianie dźwięku, celownika i generalnie wszystkiego
-ciągłe problemy z uruchomieniem gry: jakieś errory związane z serwerami pobierania
-po wyrzuceniu z meczu i kilkunastu próbach ponownego dołączenia ciągle wyrzuca i uniemożliwia kontynuację rozgrywki, w rezultacie czego dostajesz bana :)

W skrócie: Dużo mniej opcji niż w CSGO + doświadczyłem dużo gorszych i mało przyjemnych wrażeń z rozgrywki niż w CSGO, dlatego pomimo wielkiej sympatii i chęci grania w tę produkcję wlatuje ocena negatywna.

miało być lepiej, a jest gorzej :)
",1704146235,1704146235,False,142,3,0.844658136367797852,8,True,False,False,False,76561198139356179,0,1,56462,0,56287,1728221258,,730,20241127_154107,100
174115671,spanish,"2 chiteros en el mismo server y no les cae el vac , ni nada por el estilo , te bajan de rango ,y despues si les llega a caer el vac no te dan de nuevo el rango que tenias , un desastre , desarrolladores vendan todo y dediquense a un juego de legos.",1725345445,1725345445,False,53,3,0.794221162796020508,0,True,False,False,False,76561198379745478,9,1,335409,2609,318696,1732684147,,730,20241127_154107,100
171405646,schinese,"This game is a good game,and the balance of the game itself  is very excellent. However,it is frustrating that you will encounter a lot of cheats in the game.It is hoped that the Valve can intensify efforts to crack down on players and IP that disrupt the game balance to ensure the gaming pleasure of every player.
CS2是个好游戏，游戏自身的平衡性做得很棒，但是令人沮丧的是你将在游戏中碰到很多外挂，希望V社能加大力度打击破坏游戏平衡的玩家和ip，确保每一位玩家的游戏乐趣。",1722756806,1722756806,True,86,9,0.793941855430603027,2,True,False,False,False,76561199523010572,0,1,3201,322,1411,1732390664,,730,20241127_154107,100
171674861,english,"this game has caused me multiple brain injures and brain cancer from the amount of lack of iq from players of these games i have learnt 4 different languages and how to cuss in 15 different languages.
my iq before : 85
my iq now : 25

definitely recommend this game buy it as soon as u pull out 15$ out your 5$ monthly salary job.",1723114758,1723114758,True,241,133,0.841009080410003662,3,True,False,False,False,76561199402828336,0,1,78959,0,60759,1729280451,,730,20241127_154107,100
174056648,schinese,"This game is a good game,and the balance of the game itself is very excellent. However,it is frustrating that you will encounter a lot of cheats in the game.It is hoped that the Valve can intensify efforts to crack down on players and IP that disrupt the game balance to ensure the gaming pleasure of every player.
CS2是个好游戏，游戏自身的平衡性做得很棒，但是令人沮丧的是你将在游戏中碰到很多外挂，希望V社能加大力度打击破坏游戏平衡的玩家和ip，确保每一位玩家的游戏乐趣。",1725276143,1725276143,True,197,16,0.890657663345336914,0,True,False,False,False,76561199244201022,58,2,38914,0,38091,1728209240,,730,20241127_154107,100
159343855,german,"Nach Jahren endlich mal dieses Spiel gespielt....
Ich lerne endlich mehr Sprachen als in der Schule !!!
Ich werde ständig dazu aufgefordert mir irgendetwas in meine Körperöffnungen zu stecken.. (was sehr verwirrend ist)
Ich habe auch leute kennengelernt die dieses Spiel so dermaßen gut beherschen das sie nur koipfschüsse geben, und teilweise wissen wo hinter welcher wand der gegner ist.
Ich finde diese Leute sehr traurig...
Mehr kann und will ich derzeit zu diesem Spiel nicht schreiben...
Guys !!! Stop Cheating !!!Your Parents are Proud of you !!!
Get balls and L2P like normal players ; ) 
",1708975411,1708975411,True,54,24,0.790544211864471436,0,True,False,False,False,76561197975254955,0,1,6328,0,2918,1716893328,,730,20241127_154107,100
174441729,russian,"1: проблемы с регистрацией урона 
2: проблемы с читерами , античита нет , от слова совсем 
3: подбор игроков в команду союзников и в команду соперников , постоянная разность в умении  играть 
4: проблемы с серверами , кроме ес , все лаганные , вылеты , телепорты , это все есть там 
5: проблема на оверпас с водой , даже шифт не помогает 
6: проблема на еншент , просадка фпс на проходе с терр команды 
7: карта нюк , про нее я вообще молчу , столько фризов , что просто не описать .
8: общая  оптимизация , как по мне , игре со столь огромным бюджетом , стоило делать лучше .

однако , даже если не учитывать всех этих проблем и выделять одну , то это проблемы с античитом , его тупо нет",1725717036,1725717036,False,293,9,0.890483200550079346,21,True,False,False,False,76561199550200274,15,1,29049,218,14818,1732299102,,730,20241127_154107,100
160684916,brazilian,"Jogo em si muito bom, ótimo passa tempo e para se divertir com os amigos, porém há muitas pessoas usando de programas que burlam o sistema para obter vantagem.",1710608692,1710608692,True,43,2,0.790253162384033203,0,False,False,False,False,76561198839012452,0,2,103487,5710,48101,1732682221,,730,20241127_154107,100
